H1,Er1,W1,W2,T1,Zo
2,3,4,3.5,0.7,54.1491
2.1,3,4,3.5,0.7,55.752
2.2,3,4,3.5,0.7,57.2776
2.3,3,4,3.5,0.7,58.7739
2.4,3,4,3.5,0.7,60.215
2.5,3,4,3.5,0.7,61.614
2.6,3,4,3.5,0.7,62.9693
2.7,3,4,3.5,0.7,64.2934
2.8,3,4,3.5,0.7,65.5831
2.9,3,4,3.5,0.7,66.8242
3,3,4,3.5,0.7,68.0202
3.1,3,4,3.5,0.7,69.2122
3.2,3,4,3.5,0.7,70.3617
3.3,3,4,3.5,0.7,71.4832
3.4,3,4,3.5,0.7,72.5765
3.5,3,4,3.5,0.7,73.6436
3.6,3,4,3.5,0.7,74.6978
3.7,3,4,3.5,0.7,75.7301
3.8,3,4,3.5,0.7,76.7262
3.9,3,4,3.5,0.7,77.7007
4,3,4,3.5,0.7,78.6539
4.1,3,4,3.5,0.7,79.5869
4.2,3,4,3.5,0.7,80.4972
4.3,3,4,3.5,0.7,81.3924
4.4,3,4,3.5,0.7,82.2817
4.5,3,4,3.5,0.7,83.1419
4.6,3,4,3.5,0.7,83.9855
4.7,3,4,3.5,0.7,84.8132
4.8,3,4,3.5,0.7,85.6418
4.9,3,4,3.5,0.7,86.4397
5,3,4,3.5,0.7,87.2229
5.1,3,4,3.5,0.7,87.9926
5.2,3,4,3.5,0.7,88.7489
5.3,3,4,3.5,0.7,89.503
5.4,3,4,3.5,0.7,90.234
5.5,3,4,3.5,0.7,90.969
5.6,3,4,3.5,0.7,91.6765
5.7,3,4,3.5,0.7,92.372
5.8,3,4,3.5,0.7,93.0571
5.9,3,4,3.5,0.7,93.7315
6,3,4,3.5,0.7,94.3866
6.1,3,4,3.5,0.7,95.0406
6.2,3,4,3.5,0.7,95.7095
6.3,3,4,3.5,0.7,96.3437
6.4,3,4,3.5,0.7,96.9696
6.5,3,4,3.5,0.7,97.5677
6.6,3,4,3.5,0.7,98.1755
6.7,3,4,3.5,0.7,98.7749
6.8,3,4,3.5,0.7,99.3644
6.9,3,4,3.5,0.7,99.9476
7,3,4,3.5,0.7,100.5369
7.1,3,4,3.5,0.7,101.1049
7.2,3,4,3.5,0.7,101.6656
7.3,3,4,3.5,0.7,102.2339
7.4,3,4,3.5,0.7,102.7803
7.5,3,4,3.5,0.7,103.3199
7.6,3,4,3.5,0.7,103.8517
7.7,3,4,3.5,0.7,104.3781
7.8,3,4,3.5,0.7,104.898
7.9,3,4,3.5,0.7,105.4264
8,3,4,3.5,0.7,105.9342
8.1,3,4,3.5,0.7,106.4362
8.2,3,4,3.5,0.7,106.9324
8.3,3,4,3.5,0.7,107.4219
8.4,3,4,3.5,0.7,107.9068
8.5,3,4,3.5,0.7,108.3864
8.6,3,4,3.5,0.7,108.8725
8.7,3,4,3.5,0.7,109.3554
8.8,3,4,3.5,0.7,109.7878
8.9,3,4,3.5,0.7,110.263
9,3,4,3.5,0.7,110.7172
9.1,3,4,3.5,0.7,111.1667
9.2,3,4,3.5,0.7,111.6116
9.3,3,4,3.5,0.7,112.0503
9.4,3,4,3.5,0.7,112.486
9.5,3,4,3.5,0.7,112.9174
9.6,3,4,3.5,0.7,113.3445
9.7,3,4,3.5,0.7,113.7674
9.8,3,4,3.5,0.7,114.1861
9.9,3,4,3.5,0.7,114.6163
10,3,4,3.5,0.7,115.0351
10.1,3,4,3.5,0.7,115.442
10.2,3,4,3.5,0.7,115.845
10.3,3,4,3.5,0.7,116.2443
10.4,3,4,3.5,0.7,116.6399
10.5,3,4,3.5,0.7,117.0319
10.6,3,4,3.5,0.7,117.4167
10.7,3,4,3.5,0.7,117.8017
10.8,3,4,3.5,0.7,118.1816
10.9,3,4,3.5,0.7,118.5742
11,3,4,3.5,0.7,118.9491
11.1,3,4,3.5,0.7,119.3207
11.2,3,4,3.5,0.7,119.6892
11.3,3,4,3.5,0.7,120.0545
11.4,3,4,3.5,0.7,120.4167
11.5,3,4,3.5,0.7,120.782
11.6,3,4,3.5,0.7,121.1382
11.7,3,4,3.5,0.7,121.4914
11.8,3,4,3.5,0.7,121.8417
11.9,3,4,3.5,0.7,122.1892
12,3,4,3.5,0.7,122.5475
12.1,3,4,3.5,0.7,122.8895
12.2,3,4,3.5,0.7,123.2288
12.3,3,4,3.5,0.7,123.5639
12.4,3,4,3.5,0.7,123.8978
12.5,3,4,3.5,0.7,124.2292
12.6,3,4,3.5,0.7,124.5581
12.7,3,4,3.5,0.7,124.8844
12.8,3,4,3.5,0.7,125.2083
12.9,3,4,3.5,0.7,125.5297
13,3,4,3.5,0.7,125.8472
13.1,3,4,3.5,0.7,126.1829
13.2,3,4,3.5,0.7,126.4973
13.3,3,4,3.5,0.7,126.8093
13.4,3,4,3.5,0.7,127.1191
13.5,3,4,3.5,0.7,127.4267
13.6,3,4,3.5,0.7,127.7321
13.7,3,4,3.5,0.7,128.0339
13.8,3,4,3.5,0.7,128.335
13.9,3,4,3.5,0.7,128.634
14,3,4,3.5,0.7,128.9309
14.1,3,4,3.5,0.7,129.2257
14.2,3,4,3.5,0.7,129.5185
14.3,3,4,3.5,0.7,129.8208
14.4,3,4,3.5,0.7,130.1097
14.5,3,4,3.5,0.7,130.3953
14.6,3,4,3.5,0.7,130.6803
14.7,3,4,3.5,0.7,130.9635
14.8,3,4,3.5,0.7,131.2498
14.9,3,4,3.5,0.7,131.5293
15,3,4,3.5,0.7,131.7947
2,3.2,4,3.5,0.7,52.7065
2.1,3.2,4,3.5,0.7,54.2706
2.2,3.2,4,3.5,0.7,55.7596
2.3,3.2,4,3.5,0.7,57.2199
2.4,3.2,4,3.5,0.7,58.6264
2.5,3.2,4,3.5,0.7,59.9919
2.6,3.2,4,3.5,0.7,61.3147
2.7,3.2,4,3.5,0.7,62.6072
2.8,3.2,4,3.5,0.7,63.8661
2.9,3.2,4,3.5,0.7,65.0776
3,3.2,4,3.5,0.7,66.2452
3.1,3.2,4,3.5,0.7,67.4087
3.2,3.2,4,3.5,0.7,68.5309
3.3,3.2,4,3.5,0.7,69.6258
3.4,3.2,4,3.5,0.7,70.693
3.5,3.2,4,3.5,0.7,71.7348
3.6,3.2,4,3.5,0.7,72.7639
3.7,3.2,4,3.5,0.7,73.7717
3.8,3.2,4,3.5,0.7,74.7441
3.9,3.2,4,3.5,0.7,75.6956
4,3.2,4,3.5,0.7,76.6261
4.1,3.2,4,3.5,0.7,77.537
4.2,3.2,4,3.5,0.7,78.4255
4.3,3.2,4,3.5,0.7,79.2995
4.4,3.2,4,3.5,0.7,80.1677
4.5,3.2,4,3.5,0.7,81.0075
4.6,3.2,4,3.5,0.7,81.8311
4.7,3.2,4,3.5,0.7,82.6392
4.8,3.2,4,3.5,0.7,83.4481
4.9,3.2,4,3.5,0.7,84.2272
5,3.2,4,3.5,0.7,84.9917
5.1,3.2,4,3.5,0.7,85.7432
5.2,3.2,4,3.5,0.7,86.4816
5.3,3.2,4,3.5,0.7,87.2177
5.4,3.2,4,3.5,0.7,87.9314
5.5,3.2,4,3.5,0.7,88.649
5.6,3.2,4,3.5,0.7,89.3397
5.7,3.2,4,3.5,0.7,90.0187
5.8,3.2,4,3.5,0.7,90.6875
5.9,3.2,4,3.5,0.7,91.346
6,3.2,4,3.5,0.7,91.9857
6.1,3.2,4,3.5,0.7,92.6242
6.2,3.2,4,3.5,0.7,93.2772
6.3,3.2,4,3.5,0.7,93.8964
6.4,3.2,4,3.5,0.7,94.5074
6.5,3.2,4,3.5,0.7,95.0913
6.6,3.2,4,3.5,0.7,95.6847
6.7,3.2,4,3.5,0.7,96.2699
6.8,3.2,4,3.5,0.7,96.8454
6.9,3.2,4,3.5,0.7,97.4148
7,3.2,4,3.5,0.7,97.9901
7.1,3.2,4,3.5,0.7,98.5446
7.2,3.2,4,3.5,0.7,99.0919
7.3,3.2,4,3.5,0.7,99.6468
7.4,3.2,4,3.5,0.7,100.1802
7.5,3.2,4,3.5,0.7,100.7069
7.6,3.2,4,3.5,0.7,101.2262
7.7,3.2,4,3.5,0.7,101.74
7.8,3.2,4,3.5,0.7,102.2476
7.9,3.2,4,3.5,0.7,102.7634
8,3.2,4,3.5,0.7,103.2592
8.1,3.2,4,3.5,0.7,103.7492
8.2,3.2,4,3.5,0.7,104.2336
8.3,3.2,4,3.5,0.7,104.7115
8.4,3.2,4,3.5,0.7,105.1849
8.5,3.2,4,3.5,0.7,105.653
8.6,3.2,4,3.5,0.7,106.1276
8.7,3.2,4,3.5,0.7,106.599
8.8,3.2,4,3.5,0.7,107.0209
8.9,3.2,4,3.5,0.7,107.4848
9,3.2,4,3.5,0.7,107.9283
9.1,3.2,4,3.5,0.7,108.3671
9.2,3.2,4,3.5,0.7,108.8013
9.3,3.2,4,3.5,0.7,109.2296
9.4,3.2,4,3.5,0.7,109.6549
9.5,3.2,4,3.5,0.7,110.076
9.6,3.2,4,3.5,0.7,110.493
9.7,3.2,4,3.5,0.7,110.9058
9.8,3.2,4,3.5,0.7,111.3146
9.9,3.2,4,3.5,0.7,111.7345
10,3.2,4,3.5,0.7,112.1433
10.1,3.2,4,3.5,0.7,112.5405
10.2,3.2,4,3.5,0.7,112.9339
10.3,3.2,4,3.5,0.7,113.3237
10.4,3.2,4,3.5,0.7,113.7099
10.5,3.2,4,3.5,0.7,114.0926
10.6,3.2,4,3.5,0.7,114.4683
10.7,3.2,4,3.5,0.7,114.8441
10.8,3.2,4,3.5,0.7,115.2149
10.9,3.2,4,3.5,0.7,115.5982
11,3.2,4,3.5,0.7,115.9641
11.1,3.2,4,3.5,0.7,116.3269
11.2,3.2,4,3.5,0.7,116.6866
11.3,3.2,4,3.5,0.7,117.0432
11.4,3.2,4,3.5,0.7,117.3968
11.5,3.2,4,3.5,0.7,117.7534
11.6,3.2,4,3.5,0.7,118.101
11.7,3.2,4,3.5,0.7,118.4458
11.8,3.2,4,3.5,0.7,118.7878
11.9,3.2,4,3.5,0.7,119.127
12,3.2,4,3.5,0.7,119.4767
12.1,3.2,4,3.5,0.7,119.8106
12.2,3.2,4,3.5,0.7,120.1418
12.3,3.2,4,3.5,0.7,120.4689
12.4,3.2,4,3.5,0.7,120.7949
12.5,3.2,4,3.5,0.7,121.1184
12.6,3.2,4,3.5,0.7,121.4394
12.7,3.2,4,3.5,0.7,121.7579
12.8,3.2,4,3.5,0.7,122.0741
12.9,3.2,4,3.5,0.7,122.3878
13,3.2,4,3.5,0.7,122.6978
13.1,3.2,4,3.5,0.7,123.0254
13.2,3.2,4,3.5,0.7,123.3323
13.3,3.2,4,3.5,0.7,123.6369
13.4,3.2,4,3.5,0.7,123.9393
13.5,3.2,4,3.5,0.7,124.2396
13.6,3.2,4,3.5,0.7,124.5377
13.7,3.2,4,3.5,0.7,124.8323
13.8,3.2,4,3.5,0.7,125.1262
13.9,3.2,4,3.5,0.7,125.418
14,3.2,4,3.5,0.7,125.7078
14.1,3.2,4,3.5,0.7,125.9956
14.2,3.2,4,3.5,0.7,126.2814
14.3,3.2,4,3.5,0.7,126.5765
14.4,3.2,4,3.5,0.7,126.8585
14.5,3.2,4,3.5,0.7,127.1372
14.6,3.2,4,3.5,0.7,127.4155
14.7,3.2,4,3.5,0.7,127.6919
14.8,3.2,4,3.5,0.7,127.9714
14.9,3.2,4,3.5,0.7,128.2441
15,3.2,4,3.5,0.7,128.5034
2,3.4,4,3.5,0.7,51.3753
2.1,3.4,4,3.5,0.7,52.9033
2.2,3.4,4,3.5,0.7,54.3581
2.3,3.4,4,3.5,0.7,55.7849
2.4,3.4,4,3.5,0.7,57.1593
2.5,3.4,4,3.5,0.7,58.4936
2.6,3.4,4,3.5,0.7,59.7863
2.7,3.4,4,3.5,0.7,61.0493
2.8,3.4,4,3.5,0.7,62.2795
2.9,3.4,4,3.5,0.7,63.4636
3,3.4,4,3.5,0.7,64.6046
3.1,3.4,4,3.5,0.7,65.7417
3.2,3.4,4,3.5,0.7,66.8384
3.3,3.4,4,3.5,0.7,67.9084
3.4,3.4,4,3.5,0.7,68.9515
3.5,3.4,4,3.5,0.7,69.9697
3.6,3.4,4,3.5,0.7,70.9755
3.7,3.4,4,3.5,0.7,71.9604
3.8,3.4,4,3.5,0.7,72.9108
3.9,3.4,4,3.5,0.7,73.8407
4,3.4,4,3.5,0.7,74.7502
4.1,3.4,4,3.5,0.7,75.6405
4.2,3.4,4,3.5,0.7,76.5088
4.3,3.4,4,3.5,0.7,77.363
4.4,3.4,4,3.5,0.7,78.2116
4.5,3.4,4,3.5,0.7,79.0323
4.6,3.4,4,3.5,0.7,79.8373
4.7,3.4,4,3.5,0.7,80.6271
4.8,3.4,4,3.5,0.7,81.4178
4.9,3.4,4,3.5,0.7,82.1792
5,3.4,4,3.5,0.7,82.9264
5.1,3.4,4,3.5,0.7,83.6609
5.2,3.4,4,3.5,0.7,84.3826
5.3,3.4,4,3.5,0.7,85.1021
5.4,3.4,4,3.5,0.7,85.7996
5.5,3.4,4,3.5,0.7,86.5009
5.6,3.4,4,3.5,0.7,87.1761
5.7,3.4,4,3.5,0.7,87.8396
5.8,3.4,4,3.5,0.7,88.4934
5.9,3.4,4,3.5,0.7,89.1369
6,3.4,4,3.5,0.7,89.7622
6.1,3.4,4,3.5,0.7,90.3863
6.2,3.4,4,3.5,0.7,91.0245
6.3,3.4,4,3.5,0.7,91.6297
6.4,3.4,4,3.5,0.7,92.2269
6.5,3.4,4,3.5,0.7,92.7976
6.6,3.4,4,3.5,0.7,93.3776
6.7,3.4,4,3.5,0.7,93.9495
6.8,3.4,4,3.5,0.7,94.512
6.9,3.4,4,3.5,0.7,95.0685
7,3.4,4,3.5,0.7,95.6308
7.1,3.4,4,3.5,0.7,96.1727
7.2,3.4,4,3.5,0.7,96.7076
7.3,3.4,4,3.5,0.7,97.2499
7.4,3.4,4,3.5,0.7,97.7712
7.5,3.4,4,3.5,0.7,98.286
7.6,3.4,4,3.5,0.7,98.7935
7.7,3.4,4,3.5,0.7,99.2957
7.8,3.4,4,3.5,0.7,99.7918
7.9,3.4,4,3.5,0.7,100.2959
8,3.4,4,3.5,0.7,100.7804
8.1,3.4,4,3.5,0.7,101.2594
8.2,3.4,4,3.5,0.7,101.7328
8.3,3.4,4,3.5,0.7,102.1998
8.4,3.4,4,3.5,0.7,102.6624
8.5,3.4,4,3.5,0.7,103.12
8.6,3.4,4,3.5,0.7,103.5838
8.7,3.4,4,3.5,0.7,104.0444
8.8,3.4,4,3.5,0.7,104.4566
8.9,3.4,4,3.5,0.7,104.91
9,3.4,4,3.5,0.7,105.3434
9.1,3.4,4,3.5,0.7,105.7722
9.2,3.4,4,3.5,0.7,106.1966
9.3,3.4,4,3.5,0.7,106.6151
9.4,3.4,4,3.5,0.7,107.0308
9.5,3.4,4,3.5,0.7,107.4424
9.6,3.4,4,3.5,0.7,107.8498
9.7,3.4,4,3.5,0.7,108.2532
9.8,3.4,4,3.5,0.7,108.6527
9.9,3.4,4,3.5,0.7,109.0632
10,3.4,4,3.5,0.7,109.4627
10.1,3.4,4,3.5,0.7,109.8508
10.2,3.4,4,3.5,0.7,110.2354
10.3,3.4,4,3.5,0.7,110.6163
10.4,3.4,4,3.5,0.7,110.9937
10.5,3.4,4,3.5,0.7,111.3677
10.6,3.4,4,3.5,0.7,111.7349
10.7,3.4,4,3.5,0.7,112.1021
10.8,3.4,4,3.5,0.7,112.4645
10.9,3.4,4,3.5,0.7,112.8391
11,3.4,4,3.5,0.7,113.1967
11.1,3.4,4,3.5,0.7,113.5513
11.2,3.4,4,3.5,0.7,113.9027
11.3,3.4,4,3.5,0.7,114.2512
11.4,3.4,4,3.5,0.7,114.5968
11.5,3.4,4,3.5,0.7,114.9453
11.6,3.4,4,3.5,0.7,115.285
11.7,3.4,4,3.5,0.7,115.6219
11.8,3.4,4,3.5,0.7,115.9561
11.9,3.4,4,3.5,0.7,116.2876
12,3.4,4,3.5,0.7,116.6294
12.1,3.4,4,3.5,0.7,116.9557
12.2,3.4,4,3.5,0.7,117.2794
12.3,3.4,4,3.5,0.7,117.599
12.4,3.4,4,3.5,0.7,117.9176
12.5,3.4,4,3.5,0.7,118.2337
12.6,3.4,4,3.5,0.7,118.5474
12.7,3.4,4,3.5,0.7,118.8587
12.8,3.4,4,3.5,0.7,119.1676
12.9,3.4,4,3.5,0.7,119.4742
13,3.4,4,3.5,0.7,119.7771
13.1,3.4,4,3.5,0.7,120.0973
13.2,3.4,4,3.5,0.7,120.3972
13.3,3.4,4,3.5,0.7,120.6949
13.4,3.4,4,3.5,0.7,120.9904
13.5,3.4,4,3.5,0.7,121.2839
13.6,3.4,4,3.5,0.7,121.5752
13.7,3.4,4,3.5,0.7,121.863
13.8,3.4,4,3.5,0.7,122.1502
13.9,3.4,4,3.5,0.7,122.4354
14,3.4,4,3.5,0.7,122.7186
14.1,3.4,4,3.5,0.7,122.9998
14.2,3.4,4,3.5,0.7,123.2791
14.3,3.4,4,3.5,0.7,123.5675
14.4,3.4,4,3.5,0.7,123.8431
14.5,3.4,4,3.5,0.7,124.1155
14.6,3.4,4,3.5,0.7,124.3874
14.7,3.4,4,3.5,0.7,124.6575
14.8,3.4,4,3.5,0.7,124.9306
14.9,3.4,4,3.5,0.7,125.1971
15,3.4,4,3.5,0.7,125.4507
2,3.6,4,3.5,0.7,50.1416
2.1,3.6,4,3.5,0.7,51.6359
2.2,3.6,4,3.5,0.7,53.0589
2.3,3.6,4,3.5,0.7,54.4544
2.4,3.6,4,3.5,0.7,55.7988
2.5,3.6,4,3.5,0.7,57.104
2.6,3.6,4,3.5,0.7,58.3686
2.7,3.6,4,3.5,0.7,59.604
2.8,3.6,4,3.5,0.7,60.8074
2.9,3.6,4,3.5,0.7,61.9659
3,3.6,4,3.5,0.7,63.0821
3.1,3.6,4,3.5,0.7,64.1944
3.2,3.6,4,3.5,0.7,65.2674
3.3,3.6,4,3.5,0.7,66.3142
3.4,3.6,4,3.5,0.7,67.3347
3.5,3.6,4,3.5,0.7,68.3309
3.6,3.6,4,3.5,0.7,69.3148
3.7,3.6,4,3.5,0.7,70.2784
3.8,3.6,4,3.5,0.7,71.2083
3.9,3.6,4,3.5,0.7,72.118
4,3.6,4,3.5,0.7,73.0078
4.1,3.6,4,3.5,0.7,73.8788
4.2,3.6,4,3.5,0.7,74.7283
4.3,3.6,4,3.5,0.7,75.5641
4.4,3.6,4,3.5,0.7,76.3942
4.5,3.6,4,3.5,0.7,77.1972
4.6,3.6,4,3.5,0.7,77.9848
4.7,3.6,4,3.5,0.7,78.7575
4.8,3.6,4,3.5,0.7,79.5311
4.9,3.6,4,3.5,0.7,80.276
5,3.6,4,3.5,0.7,81.0071
5.1,3.6,4,3.5,0.7,81.7257
5.2,3.6,4,3.5,0.7,82.4318
5.3,3.6,4,3.5,0.7,83.1357
5.4,3.6,4,3.5,0.7,83.8181
5.5,3.6,4,3.5,0.7,84.5043
5.6,3.6,4,3.5,0.7,85.1648
5.7,3.6,4,3.5,0.7,85.814
5.8,3.6,4,3.5,0.7,86.4536
5.9,3.6,4,3.5,0.7,87.0832
6,3.6,4,3.5,0.7,87.6951
6.1,3.6,4,3.5,0.7,88.3057
6.2,3.6,4,3.5,0.7,88.9301
6.3,3.6,4,3.5,0.7,89.5221
6.4,3.6,4,3.5,0.7,90.1064
6.5,3.6,4,3.5,0.7,90.6649
6.6,3.6,4,3.5,0.7,91.2322
6.7,3.6,4,3.5,0.7,91.7917
6.8,3.6,4,3.5,0.7,92.3421
6.9,3.6,4,3.5,0.7,92.8865
7,3.6,4,3.5,0.7,93.4366
7.1,3.6,4,3.5,0.7,93.9669
7.2,3.6,4,3.5,0.7,94.4902
7.3,3.6,4,3.5,0.7,95.0207
7.4,3.6,4,3.5,0.7,95.5307
7.5,3.6,4,3.5,0.7,96.0344
7.6,3.6,4,3.5,0.7,96.5308
7.7,3.6,4,3.5,0.7,97.0221
7.8,3.6,4,3.5,0.7,97.5075
7.9,3.6,4,3.5,0.7,98.0006
8,3.6,4,3.5,0.7,98.4747
8.1,3.6,4,3.5,0.7,98.9432
8.2,3.6,4,3.5,0.7,99.4064
8.3,3.6,4,3.5,0.7,99.8632
8.4,3.6,4,3.5,0.7,100.3159
8.5,3.6,4,3.5,0.7,100.7635
8.6,3.6,4,3.5,0.7,101.2172
8.7,3.6,4,3.5,0.7,101.6679
8.8,3.6,4,3.5,0.7,102.0709
8.9,3.6,4,3.5,0.7,102.5145
9,3.6,4,3.5,0.7,102.9385
9.1,3.6,4,3.5,0.7,103.358
9.2,3.6,4,3.5,0.7,103.7732
9.3,3.6,4,3.5,0.7,104.1826
9.4,3.6,4,3.5,0.7,104.5893
9.5,3.6,4,3.5,0.7,104.9919
9.6,3.6,4,3.5,0.7,105.3905
9.7,3.6,4,3.5,0.7,105.7851
9.8,3.6,4,3.5,0.7,106.176
9.9,3.6,4,3.5,0.7,106.5775
10,3.6,4,3.5,0.7,106.9683
10.1,3.6,4,3.5,0.7,107.348
10.2,3.6,4,3.5,0.7,107.7242
10.3,3.6,4,3.5,0.7,108.0968
10.4,3.6,4,3.5,0.7,108.4661
10.5,3.6,4,3.5,0.7,108.8319
10.6,3.6,4,3.5,0.7,109.1912
10.7,3.6,4,3.5,0.7,109.5504
10.8,3.6,4,3.5,0.7,109.9049
10.9,3.6,4,3.5,0.7,110.2714
11,3.6,4,3.5,0.7,110.6212
11.1,3.6,4,3.5,0.7,110.9681
11.2,3.6,4,3.5,0.7,111.3119
11.3,3.6,4,3.5,0.7,111.6528
11.4,3.6,4,3.5,0.7,111.9909
11.5,3.6,4,3.5,0.7,112.3318
11.6,3.6,4,3.5,0.7,112.6641
11.7,3.6,4,3.5,0.7,112.9937
11.8,3.6,4,3.5,0.7,113.3206
11.9,3.6,4,3.5,0.7,113.6449
12,3.6,4,3.5,0.7,113.9793
12.1,3.6,4,3.5,0.7,114.2985
12.2,3.6,4,3.5,0.7,114.6151
12.3,3.6,4,3.5,0.7,114.9277
12.4,3.6,4,3.5,0.7,115.2394
12.5,3.6,4,3.5,0.7,115.5486
12.6,3.6,4,3.5,0.7,115.8555
12.7,3.6,4,3.5,0.7,116.16
12.8,3.6,4,3.5,0.7,116.4622
12.9,3.6,4,3.5,0.7,116.7622
13,3.6,4,3.5,0.7,117.0584
13.1,3.6,4,3.5,0.7,117.3717
13.2,3.6,4,3.5,0.7,117.6651
13.3,3.6,4,3.5,0.7,117.9563
13.4,3.6,4,3.5,0.7,118.2454
13.5,3.6,4,3.5,0.7,118.5324
13.6,3.6,4,3.5,0.7,118.8174
13.7,3.6,4,3.5,0.7,119.0989
13.8,3.6,4,3.5,0.7,119.3798
13.9,3.6,4,3.5,0.7,119.6588
14,3.6,4,3.5,0.7,119.9358
14.1,3.6,4,3.5,0.7,120.211
14.2,3.6,4,3.5,0.7,120.4842
14.3,3.6,4,3.5,0.7,120.7663
14.4,3.6,4,3.5,0.7,121.0359
14.5,3.6,4,3.5,0.7,121.3023
14.6,3.6,4,3.5,0.7,121.5683
14.7,3.6,4,3.5,0.7,121.8325
14.8,3.6,4,3.5,0.7,122.0997
14.9,3.6,4,3.5,0.7,122.3604
15,3.6,4,3.5,0.7,122.6086
2,3.8,4,3.5,0.7,48.9939
2.1,3.8,4,3.5,0.7,50.4567
2.2,3.8,4,3.5,0.7,51.8498
2.3,3.8,4,3.5,0.7,53.2161
2.4,3.8,4,3.5,0.7,54.5324
2.5,3.8,4,3.5,0.7,55.8103
2.6,3.8,4,3.5,0.7,57.0485
2.7,3.8,4,3.5,0.7,58.2582
2.8,3.8,4,3.5,0.7,59.4365
2.9,3.8,4,3.5,0.7,60.5709
3,3.8,4,3.5,0.7,61.6639
3.1,3.8,4,3.5,0.7,62.7531
3.2,3.8,4,3.5,0.7,63.8038
3.3,3.8,4,3.5,0.7,64.8289
3.4,3.8,4,3.5,0.7,65.8282
3.5,3.8,4,3.5,0.7,66.8037
3.6,3.8,4,3.5,0.7,67.7673
3.7,3.8,4,3.5,0.7,68.7108
3.8,3.8,4,3.5,0.7,69.6214
3.9,3.8,4,3.5,0.7,70.5123
4,3.8,4,3.5,0.7,71.3837
4.1,3.8,4,3.5,0.7,72.2366
4.2,3.8,4,3.5,0.7,73.0684
4.3,3.8,4,3.5,0.7,73.8868
4.4,3.8,4,3.5,0.7,74.6998
4.5,3.8,4,3.5,0.7,75.4862
4.6,3.8,4,3.5,0.7,76.2574
4.7,3.8,4,3.5,0.7,77.0141
4.8,3.8,4,3.5,0.7,77.7716
4.9,3.8,4,3.5,0.7,78.5011
5,3.8,4,3.5,0.7,79.2171
5.1,3.8,4,3.5,0.7,79.9207
5.2,3.8,4,3.5,0.7,80.6122
5.3,3.8,4,3.5,0.7,81.3015
5.4,3.8,4,3.5,0.7,81.9698
5.5,3.8,4,3.5,0.7,82.6418
5.6,3.8,4,3.5,0.7,83.2886
5.7,3.8,4,3.5,0.7,83.9243
5.8,3.8,4,3.5,0.7,84.5507
5.9,3.8,4,3.5,0.7,85.1672
6,3.8,4,3.5,0.7,85.7666
6.1,3.8,4,3.5,0.7,86.3645
6.2,3.8,4,3.5,0.7,86.9759
6.3,3.8,4,3.5,0.7,87.5557
6.4,3.8,4,3.5,0.7,88.1278
6.5,3.8,4,3.5,0.7,88.6747
6.6,3.8,4,3.5,0.7,89.2303
6.7,3.8,4,3.5,0.7,89.7783
6.8,3.8,4,3.5,0.7,90.3172
6.9,3.8,4,3.5,0.7,90.8503
7,3.8,4,3.5,0.7,91.389
7.1,3.8,4,3.5,0.7,91.9082
7.2,3.8,4,3.5,0.7,92.4207
7.3,3.8,4,3.5,0.7,92.9402
7.4,3.8,4,3.5,0.7,93.4396
7.5,3.8,4,3.5,0.7,93.9328
7.6,3.8,4,3.5,0.7,94.419
7.7,3.8,4,3.5,0.7,94.9
7.8,3.8,4,3.5,0.7,95.3753
7.9,3.8,4,3.5,0.7,95.8582
8,3.8,4,3.5,0.7,96.3225
8.1,3.8,4,3.5,0.7,96.7813
8.2,3.8,4,3.5,0.7,97.2348
8.3,3.8,4,3.5,0.7,97.6821
8.4,3.8,4,3.5,0.7,98.1254
8.5,3.8,4,3.5,0.7,98.5636
8.6,3.8,4,3.5,0.7,99.008
8.7,3.8,4,3.5,0.7,99.4493
8.8,3.8,4,3.5,0.7,99.8438
8.9,3.8,4,3.5,0.7,100.2782
9,3.8,4,3.5,0.7,100.6933
9.1,3.8,4,3.5,0.7,101.1041
9.2,3.8,4,3.5,0.7,101.5107
9.3,3.8,4,3.5,0.7,101.9115
9.4,3.8,4,3.5,0.7,102.3098
9.5,3.8,4,3.5,0.7,102.704
9.6,3.8,4,3.5,0.7,103.0943
9.7,3.8,4,3.5,0.7,103.4807
9.8,3.8,4,3.5,0.7,103.8634
9.9,3.8,4,3.5,0.7,104.2566
10,3.8,4,3.5,0.7,104.6393
10.1,3.8,4,3.5,0.7,105.0111
10.2,3.8,4,3.5,0.7,105.3794
10.3,3.8,4,3.5,0.7,105.7443
10.4,3.8,4,3.5,0.7,106.1059
10.5,3.8,4,3.5,0.7,106.4641
10.6,3.8,4,3.5,0.7,106.8159
10.7,3.8,4,3.5,0.7,107.1677
10.8,3.8,4,3.5,0.7,107.5148
10.9,3.8,4,3.5,0.7,107.8736
11,3.8,4,3.5,0.7,108.2162
11.1,3.8,4,3.5,0.7,108.5558
11.2,3.8,4,3.5,0.7,108.8925
11.3,3.8,4,3.5,0.7,109.2263
11.4,3.8,4,3.5,0.7,109.5573
11.5,3.8,4,3.5,0.7,109.8911
11.6,3.8,4,3.5,0.7,110.2165
11.7,3.8,4,3.5,0.7,110.5392
11.8,3.8,4,3.5,0.7,110.8593
11.9,3.8,4,3.5,0.7,111.1768
12,3.8,4,3.5,0.7,111.5043
12.1,3.8,4,3.5,0.7,111.8168
12.2,3.8,4,3.5,0.7,112.1268
12.3,3.8,4,3.5,0.7,112.4329
12.4,3.8,4,3.5,0.7,112.7381
12.5,3.8,4,3.5,0.7,113.0409
12.6,3.8,4,3.5,0.7,113.3413
12.7,3.8,4,3.5,0.7,113.6395
12.8,3.8,4,3.5,0.7,113.9354
12.9,3.8,4,3.5,0.7,114.2291
13,3.8,4,3.5,0.7,114.5192
13.1,3.8,4,3.5,0.7,114.826
13.2,3.8,4,3.5,0.7,115.1132
13.3,3.8,4,3.5,0.7,115.3983
13.4,3.8,4,3.5,0.7,115.6814
13.5,3.8,4,3.5,0.7,115.9624
13.6,3.8,4,3.5,0.7,116.2414
13.7,3.8,4,3.5,0.7,116.5171
13.8,3.8,4,3.5,0.7,116.7922
13.9,3.8,4,3.5,0.7,117.0653
14,3.8,4,3.5,0.7,117.3366
14.1,3.8,4,3.5,0.7,117.6059
14.2,3.8,4,3.5,0.7,117.8735
14.3,3.8,4,3.5,0.7,118.1497
14.4,3.8,4,3.5,0.7,118.4137
14.5,3.8,4,3.5,0.7,118.6745
14.6,3.8,4,3.5,0.7,118.9349
14.7,3.8,4,3.5,0.7,119.1936
14.8,3.8,4,3.5,0.7,119.4552
14.9,3.8,4,3.5,0.7,119.7105
15,3.8,4,3.5,0.7,119.9537
2,4,4,3.5,0.7,47.9225
2.1,4,4,3.5,0.7,49.3558
2.2,4,4,3.5,0.7,50.7209
2.3,4,4,3.5,0.7,52.0596
2.4,4,4,3.5,0.7,53.3495
2.5,4,4,3.5,0.7,54.6019
2.6,4,4,3.5,0.7,55.8153
2.7,4,4,3.5,0.7,57.0008
2.8,4,4,3.5,0.7,58.1556
2.9,4,4,3.5,0.7,59.2673
3,4,4,3.5,0.7,60.3385
3.1,4,4,3.5,0.7,61.406
3.2,4,4,3.5,0.7,62.4357
3.3,4,4,3.5,0.7,63.4404
3.4,4,4,3.5,0.7,64.4199
3.5,4,4,3.5,0.7,65.3759
3.6,4,4,3.5,0.7,66.3203
3.7,4,4,3.5,0.7,67.245
3.8,4,4,3.5,0.7,68.1375
3.9,4,4,3.5,0.7,69.0107
4,4,4,3.5,0.7,69.8647
4.1,4,4,3.5,0.7,70.7007
4.2,4,4,3.5,0.7,71.5159
4.3,4,4,3.5,0.7,72.318
4.4,4,4,3.5,0.7,73.1148
4.5,4,4,3.5,0.7,73.8856
4.6,4,4,3.5,0.7,74.6415
4.7,4,4,3.5,0.7,75.3831
4.8,4,4,3.5,0.7,76.1256
4.9,4,4,3.5,0.7,76.8406
5,4,4,3.5,0.7,77.5423
5.1,4,4,3.5,0.7,78.2319
5.2,4,4,3.5,0.7,78.9097
5.3,4,4,3.5,0.7,79.5853
5.4,4,4,3.5,0.7,80.2403
5.5,4,4,3.5,0.7,80.8988
5.6,4,4,3.5,0.7,81.5328
5.7,4,4,3.5,0.7,82.1559
5.8,4,4,3.5,0.7,82.7697
5.9,4,4,3.5,0.7,83.3741
6,4,4,3.5,0.7,83.9616
6.1,4,4,3.5,0.7,84.5475
6.2,4,4,3.5,0.7,85.1468
6.3,4,4,3.5,0.7,85.715
6.4,4,4,3.5,0.7,86.2758
6.5,4,4,3.5,0.7,86.8119
6.6,4,4,3.5,0.7,87.3564
6.7,4,4,3.5,0.7,87.8934
6.8,4,4,3.5,0.7,88.4217
6.9,4,4,3.5,0.7,88.9442
7,4,4,3.5,0.7,89.4721
7.1,4,4,3.5,0.7,89.981
7.2,4,4,3.5,0.7,90.4832
7.3,4,4,3.5,0.7,90.9924
7.4,4,4,3.5,0.7,91.4819
7.5,4,4,3.5,0.7,91.9652
7.6,4,4,3.5,0.7,92.4417
7.7,4,4,3.5,0.7,92.9131
7.8,4,4,3.5,0.7,93.3789
7.9,4,4,3.5,0.7,93.8522
8,4,4,3.5,0.7,94.3072
8.1,4,4,3.5,0.7,94.7569
8.2,4,4,3.5,0.7,95.2013
8.3,4,4,3.5,0.7,95.6397
8.4,4,4,3.5,0.7,96.0741
8.5,4,4,3.5,0.7,96.5037
8.6,4,4,3.5,0.7,96.9391
8.7,4,4,3.5,0.7,97.3717
8.8,4,4,3.5,0.7,97.7581
8.9,4,4,3.5,0.7,98.1839
9,4,4,3.5,0.7,98.5907
9.1,4,4,3.5,0.7,98.9933
9.2,4,4,3.5,0.7,99.3918
9.3,4,4,3.5,0.7,99.7846
9.4,4,4,3.5,0.7,100.1749
9.5,4,4,3.5,0.7,100.5612
9.6,4,4,3.5,0.7,100.9437
9.7,4,4,3.5,0.7,101.3225
9.8,4,4,3.5,0.7,101.6975
9.9,4,4,3.5,0.7,102.0829
10,4,4,3.5,0.7,102.4579
10.1,4,4,3.5,0.7,102.8223
10.2,4,4,3.5,0.7,103.1833
10.3,4,4,3.5,0.7,103.5409
10.4,4,4,3.5,0.7,103.8952
10.5,4,4,3.5,0.7,104.2462
10.6,4,4,3.5,0.7,104.5911
10.7,4,4,3.5,0.7,104.9358
10.8,4,4,3.5,0.7,105.276
10.9,4,4,3.5,0.7,105.6276
11,4,4,3.5,0.7,105.9634
11.1,4,4,3.5,0.7,106.2962
11.2,4,4,3.5,0.7,106.6261
11.3,4,4,3.5,0.7,106.9533
11.4,4,4,3.5,0.7,107.2776
11.5,4,4,3.5,0.7,107.6047
11.6,4,4,3.5,0.7,107.9236
11.7,4,4,3.5,0.7,108.2399
11.8,4,4,3.5,0.7,108.5536
11.9,4,4,3.5,0.7,108.8648
12,4,4,3.5,0.7,109.1857
12.1,4,4,3.5,0.7,109.492
12.2,4,4,3.5,0.7,109.7958
12.3,4,4,3.5,0.7,110.0958
12.4,4,4,3.5,0.7,110.3948
12.5,4,4,3.5,0.7,110.6915
12.6,4,4,3.5,0.7,110.986
12.7,4,4,3.5,0.7,111.2782
12.8,4,4,3.5,0.7,111.5682
12.9,4,4,3.5,0.7,111.856
13,4,4,3.5,0.7,112.1402
13.1,4,4,3.5,0.7,112.4409
13.2,4,4,3.5,0.7,112.7224
13.3,4,4,3.5,0.7,113.0018
13.4,4,4,3.5,0.7,113.2792
13.5,4,4,3.5,0.7,113.5546
13.6,4,4,3.5,0.7,113.828
13.7,4,4,3.5,0.7,114.0982
13.8,4,4,3.5,0.7,114.3677
13.9,4,4,3.5,0.7,114.6354
14,4,4,3.5,0.7,114.9012
14.1,4,4,3.5,0.7,115.1652
14.2,4,4,3.5,0.7,115.4273
14.3,4,4,3.5,0.7,115.6981
14.4,4,4,3.5,0.7,115.9568
14.5,4,4,3.5,0.7,116.2124
14.6,4,4,3.5,0.7,116.4676
14.7,4,4,3.5,0.7,116.7211
14.8,4,4,3.5,0.7,116.9774
14.9,4,4,3.5,0.7,117.2276
15,4,4,3.5,0.7,117.466
2,4.2,4,3.5,0.7,46.9192
2.1,4.2,4,3.5,0.7,48.3247
2.2,4.2,4,3.5,0.7,49.6634
2.3,4.2,4,3.5,0.7,50.9763
2.4,4.2,4,3.5,0.7,52.2414
2.5,4.2,4,3.5,0.7,53.4697
2.6,4.2,4,3.5,0.7,54.6598
2.7,4.2,4,3.5,0.7,55.8224
2.8,4.2,4,3.5,0.7,56.955
2.9,4.2,4,3.5,0.7,58.0455
3,4.2,4,3.5,0.7,59.0962
3.1,4.2,4,3.5,0.7,60.1431
3.2,4.2,4,3.5,0.7,61.1531
3.3,4.2,4,3.5,0.7,62.1386
3.4,4.2,4,3.5,0.7,63.0993
3.5,4.2,4,3.5,0.7,64.0371
3.6,4.2,4,3.5,0.7,64.9633
3.7,4.2,4,3.5,0.7,65.8703
3.8,4.2,4,3.5,0.7,66.7458
3.9,4.2,4,3.5,0.7,67.6023
4,4.2,4,3.5,0.7,68.44
4.1,4.2,4,3.5,0.7,69.26
4.2,4.2,4,3.5,0.7,70.0595
4.3,4.2,4,3.5,0.7,70.8463
4.4,4.2,4,3.5,0.7,71.6278
4.5,4.2,4,3.5,0.7,72.3839
4.6,4.2,4,3.5,0.7,73.1254
4.7,4.2,4,3.5,0.7,73.8528
4.8,4.2,4,3.5,0.7,74.5811
4.9,4.2,4,3.5,0.7,75.2824
5,4.2,4,3.5,0.7,75.9707
5.1,4.2,4,3.5,0.7,76.6472
5.2,4.2,4,3.5,0.7,77.3119
5.3,4.2,4,3.5,0.7,77.9746
5.4,4.2,4,3.5,0.7,78.6171
5.5,4.2,4,3.5,0.7,79.263
5.6,4.2,4,3.5,0.7,79.8849
5.7,4.2,4,3.5,0.7,80.496
5.8,4.2,4,3.5,0.7,81.0982
5.9,4.2,4,3.5,0.7,81.6909
6,4.2,4,3.5,0.7,82.2673
6.1,4.2,4,3.5,0.7,82.8421
6.2,4.2,4,3.5,0.7,83.4298
6.3,4.2,4,3.5,0.7,83.9872
6.4,4.2,4,3.5,0.7,84.5372
6.5,4.2,4,3.5,0.7,85.0631
6.6,4.2,4,3.5,0.7,85.5972
6.7,4.2,4,3.5,0.7,86.1239
6.8,4.2,4,3.5,0.7,86.6421
6.9,4.2,4,3.5,0.7,87.1546
7,4.2,4,3.5,0.7,87.6724
7.1,4.2,4,3.5,0.7,88.1715
7.2,4.2,4,3.5,0.7,88.6641
7.3,4.2,4,3.5,0.7,89.1635
7.4,4.2,4,3.5,0.7,89.6436
7.5,4.2,4,3.5,0.7,90.1177
7.6,4.2,4,3.5,0.7,90.585
7.7,4.2,4,3.5,0.7,91.0475
7.8,4.2,4,3.5,0.7,91.5044
7.9,4.2,4,3.5,0.7,91.9686
8,4.2,4,3.5,0.7,92.4148
8.1,4.2,4,3.5,0.7,92.8559
8.2,4.2,4,3.5,0.7,93.2918
8.3,4.2,4,3.5,0.7,93.7218
8.4,4.2,4,3.5,0.7,94.1479
8.5,4.2,4,3.5,0.7,94.5692
8.6,4.2,4,3.5,0.7,94.9963
8.7,4.2,4,3.5,0.7,95.4205
8.8,4.2,4,3.5,0.7,95.7994
8.9,4.2,4,3.5,0.7,96.217
9,4.2,4,3.5,0.7,96.6161
9.1,4.2,4,3.5,0.7,97.011
9.2,4.2,4,3.5,0.7,97.4017
9.3,4.2,4,3.5,0.7,97.787
9.4,4.2,4,3.5,0.7,98.1698
9.5,4.2,4,3.5,0.7,98.5487
9.6,4.2,4,3.5,0.7,98.9239
9.7,4.2,4,3.5,0.7,99.2954
9.8,4.2,4,3.5,0.7,99.6632
9.9,4.2,4,3.5,0.7,100.0412
10,4.2,4,3.5,0.7,100.409
10.1,4.2,4,3.5,0.7,100.7664
10.2,4.2,4,3.5,0.7,101.1204
10.3,4.2,4,3.5,0.7,101.4711
10.4,4.2,4,3.5,0.7,101.8186
10.5,4.2,4,3.5,0.7,102.163
10.6,4.2,4,3.5,0.7,102.5012
10.7,4.2,4,3.5,0.7,102.8393
10.8,4.2,4,3.5,0.7,103.1729
10.9,4.2,4,3.5,0.7,103.5179
11,4.2,4,3.5,0.7,103.8471
11.1,4.2,4,3.5,0.7,104.1736
11.2,4.2,4,3.5,0.7,104.4972
11.3,4.2,4,3.5,0.7,104.818
11.4,4.2,4,3.5,0.7,105.1362
11.5,4.2,4,3.5,0.7,105.457
11.6,4.2,4,3.5,0.7,105.7697
11.7,4.2,4,3.5,0.7,106.0799
11.8,4.2,4,3.5,0.7,106.3876
11.9,4.2,4,3.5,0.7,106.6927
12,4.2,4,3.5,0.7,107.0075
12.1,4.2,4,3.5,0.7,107.3079
12.2,4.2,4,3.5,0.7,107.6059
12.3,4.2,4,3.5,0.7,107.9001
12.4,4.2,4,3.5,0.7,108.1934
12.5,4.2,4,3.5,0.7,108.4844
12.6,4.2,4,3.5,0.7,108.7732
12.7,4.2,4,3.5,0.7,109.0597
12.8,4.2,4,3.5,0.7,109.3441
12.9,4.2,4,3.5,0.7,109.6264
13,4.2,4,3.5,0.7,109.9052
13.1,4.2,4,3.5,0.7,110.2001
13.2,4.2,4,3.5,0.7,110.4761
13.3,4.2,4,3.5,0.7,110.7502
13.4,4.2,4,3.5,0.7,111.0222
13.5,4.2,4,3.5,0.7,111.2923
13.6,4.2,4,3.5,0.7,111.5605
13.7,4.2,4,3.5,0.7,111.8254
13.8,4.2,4,3.5,0.7,112.0898
13.9,4.2,4,3.5,0.7,112.3523
14,4.2,4,3.5,0.7,112.613
14.1,4.2,4,3.5,0.7,112.8719
14.2,4.2,4,3.5,0.7,113.129
14.3,4.2,4,3.5,0.7,113.3946
14.4,4.2,4,3.5,0.7,113.6483
14.5,4.2,4,3.5,0.7,113.8989
14.6,4.2,4,3.5,0.7,114.1492
14.7,4.2,4,3.5,0.7,114.3979
14.8,4.2,4,3.5,0.7,114.6493
14.9,4.2,4,3.5,0.7,114.8946
15,4.2,4,3.5,0.7,115.1286
2,4.4,4,3.5,0.7,45.9771
2.1,4.4,4,3.5,0.7,47.3564
2.2,4.4,4,3.5,0.7,48.6702
2.3,4.4,4,3.5,0.7,49.9587
2.4,4.4,4,3.5,0.7,51.2003
2.5,4.4,4,3.5,0.7,52.4058
2.6,4.4,4,3.5,0.7,53.5739
2.7,4.4,4,3.5,0.7,54.7151
2.8,4.4,4,3.5,0.7,55.8267
2.9,4.4,4,3.5,0.7,56.8971
3,4.4,4,3.5,0.7,57.9283
3.1,4.4,4,3.5,0.7,58.956
3.2,4.4,4,3.5,0.7,59.9474
3.3,4.4,4,3.5,0.7,60.9147
3.4,4.4,4,3.5,0.7,61.8577
3.5,4.4,4,3.5,0.7,62.7782
3.6,4.4,4,3.5,0.7,63.6874
3.7,4.4,4,3.5,0.7,64.5776
3.8,4.4,4,3.5,0.7,65.437
3.9,4.4,4,3.5,0.7,66.2777
4,4.4,4,3.5,0.7,67.1
4.1,4.4,4,3.5,0.7,67.9049
4.2,4.4,4,3.5,0.7,68.6897
4.3,4.4,4,3.5,0.7,69.462
4.4,4.4,4,3.5,0.7,70.2291
4.5,4.4,4,3.5,0.7,70.9712
4.6,4.4,4,3.5,0.7,71.6991
4.7,4.4,4,3.5,0.7,72.4132
4.8,4.4,4,3.5,0.7,73.128
4.9,4.4,4,3.5,0.7,73.8164
5,4.4,4,3.5,0.7,74.492
5.1,4.4,4,3.5,0.7,75.156
5.2,4.4,4,3.5,0.7,75.8086
5.3,4.4,4,3.5,0.7,76.459
5.4,4.4,4,3.5,0.7,77.0897
5.5,4.4,4,3.5,0.7,77.7237
5.6,4.4,4,3.5,0.7,78.3341
5.7,4.4,4,3.5,0.7,78.934
5.8,4.4,4,3.5,0.7,79.5251
5.9,4.4,4,3.5,0.7,80.1069
6,4.4,4,3.5,0.7,80.6727
6.1,4.4,4,3.5,0.7,81.2369
6.2,4.4,4,3.5,0.7,81.8139
6.3,4.4,4,3.5,0.7,82.3609
6.4,4.4,4,3.5,0.7,82.9008
6.5,4.4,4,3.5,0.7,83.417
6.6,4.4,4,3.5,0.7,83.9413
6.7,4.4,4,3.5,0.7,84.4583
6.8,4.4,4,3.5,0.7,84.9669
6.9,4.4,4,3.5,0.7,85.47
7,4.4,4,3.5,0.7,85.9782
7.1,4.4,4,3.5,0.7,86.4682
7.2,4.4,4,3.5,0.7,86.9517
7.3,4.4,4,3.5,0.7,87.4419
7.4,4.4,4,3.5,0.7,87.9131
7.5,4.4,4,3.5,0.7,88.3785
7.6,4.4,4,3.5,0.7,88.8372
7.7,4.4,4,3.5,0.7,89.2911
7.8,4.4,4,3.5,0.7,89.7395
7.9,4.4,4,3.5,0.7,90.1952
8,4.4,4,3.5,0.7,90.6332
8.1,4.4,4,3.5,0.7,91.0661
8.2,4.4,4,3.5,0.7,91.494
8.3,4.4,4,3.5,0.7,91.916
8.4,4.4,4,3.5,0.7,92.3342
8.5,4.4,4,3.5,0.7,92.7478
8.6,4.4,4,3.5,0.7,93.167
8.7,4.4,4,3.5,0.7,93.5834
8.8,4.4,4,3.5,0.7,93.9552
8.9,4.4,4,3.5,0.7,94.3651
9,4.4,4,3.5,0.7,94.7567
9.1,4.4,4,3.5,0.7,95.1443
9.2,4.4,4,3.5,0.7,95.5279
9.3,4.4,4,3.5,0.7,95.906
9.4,4.4,4,3.5,0.7,96.2818
9.5,4.4,4,3.5,0.7,96.6537
9.6,4.4,4,3.5,0.7,97.0219
9.7,4.4,4,3.5,0.7,97.3865
9.8,4.4,4,3.5,0.7,97.7476
9.9,4.4,4,3.5,0.7,98.1186
10,4.4,4,3.5,0.7,98.4795
10.1,4.4,4,3.5,0.7,98.8303
10.2,4.4,4,3.5,0.7,99.1778
10.3,4.4,4,3.5,0.7,99.5221
10.4,4.4,4,3.5,0.7,99.8631
10.5,4.4,4,3.5,0.7,100.2011
10.6,4.4,4,3.5,0.7,100.5331
10.7,4.4,4,3.5,0.7,100.865
10.8,4.4,4,3.5,0.7,101.1924
10.9,4.4,4,3.5,0.7,101.531
11,4.4,4,3.5,0.7,101.8541
11.1,4.4,4,3.5,0.7,102.1745
11.2,4.4,4,3.5,0.7,102.4921
11.3,4.4,4,3.5,0.7,102.807
11.4,4.4,4,3.5,0.7,103.1193
11.5,4.4,4,3.5,0.7,103.4341
11.6,4.4,4,3.5,0.7,103.7411
11.7,4.4,4,3.5,0.7,104.0456
11.8,4.4,4,3.5,0.7,104.3475
11.9,4.4,4,3.5,0.7,104.647
12,4.4,4,3.5,0.7,104.956
12.1,4.4,4,3.5,0.7,105.2508
12.2,4.4,4,3.5,0.7,105.5433
12.3,4.4,4,3.5,0.7,105.832
12.4,4.4,4,3.5,0.7,106.1199
12.5,4.4,4,3.5,0.7,106.4055
12.6,4.4,4,3.5,0.7,106.6889
12.7,4.4,4,3.5,0.7,106.9702
12.8,4.4,4,3.5,0.7,107.2493
12.9,4.4,4,3.5,0.7,107.5264
13,4.4,4,3.5,0.7,107.8
13.1,4.4,4,3.5,0.7,108.0894
13.2,4.4,4,3.5,0.7,108.3604
13.3,4.4,4,3.5,0.7,108.6293
13.4,4.4,4,3.5,0.7,108.8963
13.5,4.4,4,3.5,0.7,109.1614
13.6,4.4,4,3.5,0.7,109.4246
13.7,4.4,4,3.5,0.7,109.6847
13.8,4.4,4,3.5,0.7,109.9441
13.9,4.4,4,3.5,0.7,110.2018
14,4.4,4,3.5,0.7,110.4576
14.1,4.4,4,3.5,0.7,110.7117
14.2,4.4,4,3.5,0.7,110.9641
14.3,4.4,4,3.5,0.7,111.2247
14.4,4.4,4,3.5,0.7,111.4737
14.5,4.4,4,3.5,0.7,111.7197
14.6,4.4,4,3.5,0.7,111.9654
14.7,4.4,4,3.5,0.7,112.2094
14.8,4.4,4,3.5,0.7,112.4561
14.9,4.4,4,3.5,0.7,112.6969
15,4.4,4,3.5,0.7,112.9267
2,4.6,4,3.5,0.7,45.0902
2.1,4.6,4,3.5,0.7,46.4446
2.2,4.6,4,3.5,0.7,47.7349
2.3,4.6,4,3.5,0.7,49.0003
2.4,4.6,4,3.5,0.7,50.2197
2.5,4.6,4,3.5,0.7,51.4037
2.6,4.6,4,3.5,0.7,52.551
2.7,4.6,4,3.5,0.7,53.6718
2.8,4.6,4,3.5,0.7,54.7636
2.9,4.6,4,3.5,0.7,55.815
3,4.6,4,3.5,0.7,56.8279
3.1,4.6,4,3.5,0.7,57.8372
3.2,4.6,4,3.5,0.7,58.8109
3.3,4.6,4,3.5,0.7,59.7611
3.4,4.6,4,3.5,0.7,60.6873
3.5,4.6,4,3.5,0.7,61.5915
3.6,4.6,4,3.5,0.7,62.4845
3.7,4.6,4,3.5,0.7,63.359
3.8,4.6,4,3.5,0.7,64.2031
3.9,4.6,4,3.5,0.7,65.0289
4,4.6,4,3.5,0.7,65.8366
4.1,4.6,4,3.5,0.7,66.6272
4.2,4.6,4,3.5,0.7,67.398
4.3,4.6,4,3.5,0.7,68.1566
4.4,4.6,4,3.5,0.7,68.9101
4.5,4.6,4,3.5,0.7,69.639
4.6,4.6,4,3.5,0.7,70.354
4.7,4.6,4,3.5,0.7,71.0554
4.8,4.6,4,3.5,0.7,71.7575
4.9,4.6,4,3.5,0.7,72.4337
5,4.6,4,3.5,0.7,73.0973
5.1,4.6,4,3.5,0.7,73.7496
5.2,4.6,4,3.5,0.7,74.3905
5.3,4.6,4,3.5,0.7,75.0294
5.4,4.6,4,3.5,0.7,75.6489
5.5,4.6,4,3.5,0.7,76.2717
5.6,4.6,4,3.5,0.7,76.8712
5.7,4.6,4,3.5,0.7,77.4605
5.8,4.6,4,3.5,0.7,78.041
5.9,4.6,4,3.5,0.7,78.6125
6,4.6,4,3.5,0.7,79.1684
6.1,4.6,4,3.5,0.7,79.7225
6.2,4.6,4,3.5,0.7,80.2892
6.3,4.6,4,3.5,0.7,80.8266
6.4,4.6,4,3.5,0.7,81.3569
6.5,4.6,4,3.5,0.7,81.8639
6.6,4.6,4,3.5,0.7,82.3789
6.7,4.6,4,3.5,0.7,82.8867
6.8,4.6,4,3.5,0.7,83.3863
6.9,4.6,4,3.5,0.7,83.8804
7,4.6,4,3.5,0.7,84.3797
7.1,4.6,4,3.5,0.7,84.8609
7.2,4.6,4,3.5,0.7,85.3358
7.3,4.6,4,3.5,0.7,85.8173
7.4,4.6,4,3.5,0.7,86.2801
7.5,4.6,4,3.5,0.7,86.7372
7.6,4.6,4,3.5,0.7,87.1877
7.7,4.6,4,3.5,0.7,87.6336
7.8,4.6,4,3.5,0.7,88.074
7.9,4.6,4,3.5,0.7,88.5216
8,4.6,4,3.5,0.7,88.9518
8.1,4.6,4,3.5,0.7,89.377
8.2,4.6,4,3.5,0.7,89.7973
8.3,4.6,4,3.5,0.7,90.2118
8.4,4.6,4,3.5,0.7,90.6226
8.5,4.6,4,3.5,0.7,91.0287
8.6,4.6,4,3.5,0.7,91.4405
8.7,4.6,4,3.5,0.7,91.8495
8.8,4.6,4,3.5,0.7,92.2145
8.9,4.6,4,3.5,0.7,92.6171
9,4.6,4,3.5,0.7,93.0018
9.1,4.6,4,3.5,0.7,93.3825
9.2,4.6,4,3.5,0.7,93.7592
9.3,4.6,4,3.5,0.7,94.1306
9.4,4.6,4,3.5,0.7,94.4996
9.5,4.6,4,3.5,0.7,94.865
9.6,4.6,4,3.5,0.7,95.2266
9.7,4.6,4,3.5,0.7,95.5847
9.8,4.6,4,3.5,0.7,95.9393
9.9,4.6,4,3.5,0.7,96.3037
10,4.6,4,3.5,0.7,96.6583
10.1,4.6,4,3.5,0.7,97.0028
10.2,4.6,4,3.5,0.7,97.3441
10.3,4.6,4,3.5,0.7,97.6822
10.4,4.6,4,3.5,0.7,98.0172
10.5,4.6,4,3.5,0.7,98.3491
10.6,4.6,4,3.5,0.7,98.6752
10.7,4.6,4,3.5,0.7,99.0012
10.8,4.6,4,3.5,0.7,99.3227
10.9,4.6,4,3.5,0.7,99.6553
11,4.6,4,3.5,0.7,99.9727
11.1,4.6,4,3.5,0.7,100.2874
11.2,4.6,4,3.5,0.7,100.5993
11.3,4.6,4,3.5,0.7,100.9086
11.4,4.6,4,3.5,0.7,101.2153
11.5,4.6,4,3.5,0.7,101.5245
11.6,4.6,4,3.5,0.7,101.826
11.7,4.6,4,3.5,0.7,102.125
11.8,4.6,4,3.5,0.7,102.4216
11.9,4.6,4,3.5,0.7,102.7158
12,4.6,4,3.5,0.7,103.0192
12.1,4.6,4,3.5,0.7,103.3088
12.2,4.6,4,3.5,0.7,103.596
12.3,4.6,4,3.5,0.7,103.8796
12.4,4.6,4,3.5,0.7,104.1623
12.5,4.6,4,3.5,0.7,104.4428
12.6,4.6,4,3.5,0.7,104.7212
12.7,4.6,4,3.5,0.7,104.9974
12.8,4.6,4,3.5,0.7,105.2716
12.9,4.6,4,3.5,0.7,105.5437
13,4.6,4,3.5,0.7,105.8124
13.1,4.6,4,3.5,0.7,106.0967
13.2,4.6,4,3.5,0.7,106.3628
13.3,4.6,4,3.5,0.7,106.6269
13.4,4.6,4,3.5,0.7,106.8892
13.5,4.6,4,3.5,0.7,107.1495
13.6,4.6,4,3.5,0.7,107.408
13.7,4.6,4,3.5,0.7,107.6634
13.8,4.6,4,3.5,0.7,107.9182
13.9,4.6,4,3.5,0.7,108.1712
14,4.6,4,3.5,0.7,108.4225
14.1,4.6,4,3.5,0.7,108.6721
14.2,4.6,4,3.5,0.7,108.9199
14.3,4.6,4,3.5,0.7,109.1759
14.4,4.6,4,3.5,0.7,109.4205
14.5,4.6,4,3.5,0.7,109.6621
14.6,4.6,4,3.5,0.7,109.9033
14.7,4.6,4,3.5,0.7,110.143
14.8,4.6,4,3.5,0.7,110.3853
14.9,4.6,4,3.5,0.7,110.6218
15,4.6,4,3.5,0.7,110.8475
2,4.8,4,3.5,0.7,44.2531
2.1,4.8,4,3.5,0.7,45.584
2.2,4.8,4,3.5,0.7,46.852
2.3,4.8,4,3.5,0.7,48.0955
2.4,4.8,4,3.5,0.7,49.2939
2.5,4.8,4,3.5,0.7,50.4575
2.6,4.8,4,3.5,0.7,51.585
2.7,4.8,4,3.5,0.7,52.6865
2.8,4.8,4,3.5,0.7,53.7596
2.9,4.8,4,3.5,0.7,54.7929
3,4.8,4,3.5,0.7,55.7884
3.1,4.8,4,3.5,0.7,56.7804
3.2,4.8,4,3.5,0.7,57.7374
3.3,4.8,4,3.5,0.7,58.6713
3.4,4.8,4,3.5,0.7,59.5817
3.5,4.8,4,3.5,0.7,60.4703
3.6,4.8,4,3.5,0.7,61.348
3.7,4.8,4,3.5,0.7,62.2075
3.8,4.8,4,3.5,0.7,63.0371
3.9,4.8,4,3.5,0.7,63.8488
4,4.8,4,3.5,0.7,64.6426
4.1,4.8,4,3.5,0.7,65.4198
4.2,4.8,4,3.5,0.7,66.1772
4.3,4.8,4,3.5,0.7,66.9228
4.4,4.8,4,3.5,0.7,67.6634
4.5,4.8,4,3.5,0.7,68.3799
4.6,4.8,4,3.5,0.7,69.0826
4.7,4.8,4,3.5,0.7,69.772
4.8,4.8,4,3.5,0.7,70.462
4.9,4.8,4,3.5,0.7,71.1267
5,4.8,4,3.5,0.7,71.7789
5.1,4.8,4,3.5,0.7,72.42
5.2,4.8,4,3.5,0.7,73.05
5.3,4.8,4,3.5,0.7,73.6779
5.4,4.8,4,3.5,0.7,74.2867
5.5,4.8,4,3.5,0.7,74.8989
5.6,4.8,4,3.5,0.7,75.4882
5.7,4.8,4,3.5,0.7,76.0673
5.8,4.8,4,3.5,0.7,76.6379
5.9,4.8,4,3.5,0.7,77.1996
6,4.8,4,3.5,0.7,77.7459
6.1,4.8,4,3.5,0.7,78.2906
6.2,4.8,4,3.5,0.7,78.8476
6.3,4.8,4,3.5,0.7,79.3757
6.4,4.8,4,3.5,0.7,79.8969
6.5,4.8,4,3.5,0.7,80.3953
6.6,4.8,4,3.5,0.7,80.9014
6.7,4.8,4,3.5,0.7,81.4005
6.8,4.8,4,3.5,0.7,81.8916
6.9,4.8,4,3.5,0.7,82.3772
7,4.8,4,3.5,0.7,82.8679
7.1,4.8,4,3.5,0.7,83.3408
7.2,4.8,4,3.5,0.7,83.8076
7.3,4.8,4,3.5,0.7,84.2808
7.4,4.8,4,3.5,0.7,84.7357
7.5,4.8,4,3.5,0.7,85.185
7.6,4.8,4,3.5,0.7,85.6277
7.7,4.8,4,3.5,0.7,86.0659
7.8,4.8,4,3.5,0.7,86.4988
7.9,4.8,4,3.5,0.7,86.9387
8,4.8,4,3.5,0.7,87.3615
8.1,4.8,4,3.5,0.7,87.7794
8.2,4.8,4,3.5,0.7,88.1925
8.3,4.8,4,3.5,0.7,88.5998
8.4,4.8,4,3.5,0.7,89.0035
8.5,4.8,4,3.5,0.7,89.4027
8.6,4.8,4,3.5,0.7,89.8074
8.7,4.8,4,3.5,0.7,90.2094
8.8,4.8,4,3.5,0.7,90.568
8.9,4.8,4,3.5,0.7,90.9637
9,4.8,4,3.5,0.7,91.3418
9.1,4.8,4,3.5,0.7,91.7159
9.2,4.8,4,3.5,0.7,92.0862
9.3,4.8,4,3.5,0.7,92.4512
9.4,4.8,4,3.5,0.7,92.8138
9.5,4.8,4,3.5,0.7,93.1729
9.6,4.8,4,3.5,0.7,93.5283
9.7,4.8,4,3.5,0.7,93.8803
9.8,4.8,4,3.5,0.7,94.2288
9.9,4.8,4,3.5,0.7,94.5869
10,4.8,4,3.5,0.7,94.9353
10.1,4.8,4,3.5,0.7,95.2739
10.2,4.8,4,3.5,0.7,95.6093
10.3,4.8,4,3.5,0.7,95.9416
10.4,4.8,4,3.5,0.7,96.2708
10.5,4.8,4,3.5,0.7,96.597
10.6,4.8,4,3.5,0.7,96.9176
10.7,4.8,4,3.5,0.7,97.2379
10.8,4.8,4,3.5,0.7,97.5539
10.9,4.8,4,3.5,0.7,97.8808
11,4.8,4,3.5,0.7,98.1927
11.1,4.8,4,3.5,0.7,98.5019
11.2,4.8,4,3.5,0.7,98.8085
11.3,4.8,4,3.5,0.7,99.1125
11.4,4.8,4,3.5,0.7,99.4139
11.5,4.8,4,3.5,0.7,99.7178
11.6,4.8,4,3.5,0.7,100.0141
11.7,4.8,4,3.5,0.7,100.3079
11.8,4.8,4,3.5,0.7,100.5994
11.9,4.8,4,3.5,0.7,100.8885
12,4.8,4,3.5,0.7,101.1868
12.1,4.8,4,3.5,0.7,101.4713
12.2,4.8,4,3.5,0.7,101.7536
12.3,4.8,4,3.5,0.7,102.0323
12.4,4.8,4,3.5,0.7,102.3101
12.5,4.8,4,3.5,0.7,102.5858
12.6,4.8,4,3.5,0.7,102.8594
12.7,4.8,4,3.5,0.7,103.1308
12.8,4.8,4,3.5,0.7,103.4003
12.9,4.8,4,3.5,0.7,103.6677
13,4.8,4,3.5,0.7,103.9317
13.1,4.8,4,3.5,0.7,104.2111
13.2,4.8,4,3.5,0.7,104.4726
13.3,4.8,4,3.5,0.7,104.7322
13.4,4.8,4,3.5,0.7,104.99
13.5,4.8,4,3.5,0.7,105.2458
13.6,4.8,4,3.5,0.7,105.4999
13.7,4.8,4,3.5,0.7,105.7508
13.8,4.8,4,3.5,0.7,106.0012
13.9,4.8,4,3.5,0.7,106.2499
14,4.8,4,3.5,0.7,106.4969
14.1,4.8,4,3.5,0.7,106.7421
14.2,4.8,4,3.5,0.7,106.9857
14.3,4.8,4,3.5,0.7,107.2373
14.4,4.8,4,3.5,0.7,107.4776
14.5,4.8,4,3.5,0.7,107.715
14.6,4.8,4,3.5,0.7,107.9521
14.7,4.8,4,3.5,0.7,108.1876
14.8,4.8,4,3.5,0.7,108.4258
14.9,4.8,4,3.5,0.7,108.6582
15,4.8,4,3.5,0.7,108.8801
2,5,4,3.5,0.7,43.4613
2.1,5,4,3.5,0.7,44.77
2.2,5,4,3.5,0.7,46.0168
2.3,5,4,3.5,0.7,47.2395
2.4,5,4,3.5,0.7,48.4179
2.5,5,4,3.5,0.7,49.5622
2.6,5,4,3.5,0.7,50.671
2.7,5,4,3.5,0.7,51.7541
2.8,5,4,3.5,0.7,52.8093
2.9,5,4,3.5,0.7,53.8255
3,5,4,3.5,0.7,54.8045
3.1,5,4,3.5,0.7,55.78
3.2,5,4,3.5,0.7,56.7212
3.3,5,4,3.5,0.7,57.6396
3.4,5,4,3.5,0.7,58.5348
3.5,5,4,3.5,0.7,59.4088
3.6,5,4,3.5,0.7,60.2719
3.7,5,4,3.5,0.7,61.1171
3.8,5,4,3.5,0.7,61.933
3.9,5,4,3.5,0.7,62.7312
4,5,4,3.5,0.7,63.512
4.1,5,4,3.5,0.7,64.2762
4.2,5,4,3.5,0.7,65.0211
4.3,5,4,3.5,0.7,65.7544
4.4,5,4,3.5,0.7,66.4826
4.5,5,4,3.5,0.7,67.1873
4.6,5,4,3.5,0.7,67.8783
4.7,5,4,3.5,0.7,68.5563
4.8,5,4,3.5,0.7,69.2349
4.9,5,4,3.5,0.7,69.8886
5,5,4,3.5,0.7,70.53
5.1,5,4,3.5,0.7,71.1605
5.2,5,4,3.5,0.7,71.78
5.3,5,4,3.5,0.7,72.3975
5.4,5,4,3.5,0.7,72.9963
5.5,5,4,3.5,0.7,73.5983
5.6,5,4,3.5,0.7,74.1778
5.7,5,4,3.5,0.7,74.7473
5.8,5,4,3.5,0.7,75.3085
5.9,5,4,3.5,0.7,75.8609
6,5,4,3.5,0.7,76.3982
6.1,5,4,3.5,0.7,76.9339
6.2,5,4,3.5,0.7,77.4816
6.3,5,4,3.5,0.7,78.001
6.4,5,4,3.5,0.7,78.5135
6.5,5,4,3.5,0.7,79.0037
6.6,5,4,3.5,0.7,79.5014
6.7,5,4,3.5,0.7,79.9922
6.8,5,4,3.5,0.7,80.4752
6.9,5,4,3.5,0.7,80.9527
7,5,4,3.5,0.7,81.4352
7.1,5,4,3.5,0.7,81.9003
7.2,5,4,3.5,0.7,82.3594
7.3,5,4,3.5,0.7,82.8247
7.4,5,4,3.5,0.7,83.2721
7.5,5,4,3.5,0.7,83.7139
7.6,5,4,3.5,0.7,84.1493
7.7,5,4,3.5,0.7,84.5802
7.8,5,4,3.5,0.7,85.0059
7.9,5,4,3.5,0.7,85.4385
8,5,4,3.5,0.7,85.8543
8.1,5,4,3.5,0.7,86.2652
8.2,5,4,3.5,0.7,86.6714
8.3,5,4,3.5,0.7,87.072
8.4,5,4,3.5,0.7,87.469
8.5,5,4,3.5,0.7,87.8616
8.6,5,4,3.5,0.7,88.2595
8.7,5,4,3.5,0.7,88.6548
8.8,5,4,3.5,0.7,89.0074
8.9,5,4,3.5,0.7,89.3965
9,5,4,3.5,0.7,89.7683
9.1,5,4,3.5,0.7,90.1362
9.2,5,4,3.5,0.7,90.5003
9.3,5,4,3.5,0.7,90.8593
9.4,5,4,3.5,0.7,91.2159
9.5,5,4,3.5,0.7,91.569
9.6,5,4,3.5,0.7,91.9185
9.7,5,4,3.5,0.7,92.2646
9.8,5,4,3.5,0.7,92.6073
9.9,5,4,3.5,0.7,92.9595
10,5,4,3.5,0.7,93.3021
10.1,5,4,3.5,0.7,93.6351
10.2,5,4,3.5,0.7,93.9649
10.3,5,4,3.5,0.7,94.2916
10.4,5,4,3.5,0.7,94.6154
10.5,5,4,3.5,0.7,94.9362
10.6,5,4,3.5,0.7,95.2514
10.7,5,4,3.5,0.7,95.5664
10.8,5,4,3.5,0.7,95.8772
10.9,5,4,3.5,0.7,96.1985
11,5,4,3.5,0.7,96.5053
11.1,5,4,3.5,0.7,96.8094
11.2,5,4,3.5,0.7,97.1109
11.3,5,4,3.5,0.7,97.4098
11.4,5,4,3.5,0.7,97.7061
11.5,5,4,3.5,0.7,98.005
11.6,5,4,3.5,0.7,98.2963
11.7,5,4,3.5,0.7,98.5853
11.8,5,4,3.5,0.7,98.8719
11.9,5,4,3.5,0.7,99.1562
12,5,4,3.5,0.7,99.4495
12.1,5,4,3.5,0.7,99.7293
12.2,5,4,3.5,0.7,100.0069
12.3,5,4,3.5,0.7,100.2809
12.4,5,4,3.5,0.7,100.5541
12.5,5,4,3.5,0.7,100.8252
12.6,5,4,3.5,0.7,101.0942
12.7,5,4,3.5,0.7,101.3612
12.8,5,4,3.5,0.7,101.6261
12.9,5,4,3.5,0.7,101.8891
13,5,4,3.5,0.7,102.1487
13.1,5,4,3.5,0.7,102.4235
13.2,5,4,3.5,0.7,102.6806
13.3,5,4,3.5,0.7,102.9359
13.4,5,4,3.5,0.7,103.1893
13.5,5,4,3.5,0.7,103.4409
13.6,5,4,3.5,0.7,103.6907
13.7,5,4,3.5,0.7,103.9375
13.8,5,4,3.5,0.7,104.1837
13.9,5,4,3.5,0.7,104.4282
14,5,4,3.5,0.7,104.6711
14.1,5,4,3.5,0.7,104.9122
14.2,5,4,3.5,0.7,105.1517
14.3,5,4,3.5,0.7,105.3992
14.4,5,4,3.5,0.7,105.6355
14.5,5,4,3.5,0.7,105.8689
14.6,5,4,3.5,0.7,106.1021
14.7,5,4,3.5,0.7,106.3336
14.8,5,4,3.5,0.7,106.5678
14.9,5,4,3.5,0.7,106.7964
15,5,4,3.5,0.7,107.0146